<?xml version="1.0" encoding="UTF-8"?>
<project-private xmlns="http://www.netbeans.org/ns/project-private/1">
    <editor-bookmarks xmlns="http://www.netbeans.org/ns/editor-bookmarks/2" lastBookmarkId="0"/>
    <open-files xmlns="http://www.netbeans.org/ns/projectui-open-files/2">
        <group>
            <file>file:/C:/Users/Admin/Documents/NetBeansProjects/TAP_U3_Ejercicio7_Mascota/src/Inicio.java</file>
            <file>file:/C:/Users/Admin/Documents/NetBeansProjects/TAP_U3_Ejercicio7_Mascota/src/Mascota.java</file>
            <file>file:/C:/Users/Admin/Documents/NetBeansProjects/TAP_U3_Ejercicio7_Mascota/src/Imagen.java</file>
            <file>file:/C:/Users/Admin/Documents/NetBeansProjects/TAP_U3_Ejercicio7_Mascota/src/Tamagotchi.java</file>
            <file>file:/C:/Users/Admin/Documents/NetBeansProjects/TAP_U3_Ejercicio7_Mascota/src/Lienzo.java</file>
        </group>
    </open-files>
</project-private>
